{"MatrixFactorization": {"map@10": 0.0013639580171315923, "precision@10": 0.0007300989166274139, "recall@10": 0.0039210106243785, "ndcg@10": 0.0022203123784690043, "map@20": 0.001654200537651894, "precision@20": 0.0007006594441827603, "recall@20": 0.007975988258691958, "ndcg@20": 0.0033666037440277866, "map@100": 0.0021630771264657296, "precision@100": 0.0005381535562882714, "recall@100": 0.03213428090909412, "ndcg@100": 0.0080814670369255, "coverage": 0.03633305747617395}}