{"CollaborativeFiltering": {"map@10": 0.0071320701436462545, "precision@10": 0.004938407391113066, "recall@10": 0.027670502656107324, "ndcg@10": 0.013183333580363815, "map@20": 0.008924786732786403, "precision@20": 0.004426968763748351, "recall@20": 0.051846368933465545, "ndcg@20": 0.019806441166079276, "map@100": 0.013463933889171739, "precision@100": 0.0043851737791465025, "recall@100": 0.2684269118492968, "ndcg@100": 0.061259952345137376, "coverage": 0.0035438746362689874}, "baseline": {"map@10": 0.005472192300768705, "precision@10": 0.0033326000879894415, "recall@10": 0.018908616173988445, "ndcg@10": 0.009585187020032157, "map@20": 0.007325894894126705, "precision@20": 0.0038715354157501094, "recall@20": 0.04304203586426484, "ndcg@20": 0.016513689962965337, "map@100": 0.010608174904160878, "precision@100": 0.0031346238451385837, "recall@100": 0.18715566726261326, "ndcg@100": 0.044741533691589855, "coverage": 0.0035438746362689874}, "MatrixFactorization": {"map@10": 0.006186253396317057, "precision@10": 0.0038275406951165858, "recall@10": 0.021144665308409777, "ndcg@10": 0.010910238511518256, "map@20": 0.007792512525443025, "precision@20": 0.0038385393752749675, "recall@20": 0.0446182036874242, "ndcg@20": 0.017375374384442477, "map@100": 0.010785424156688303, "precision@100": 0.003168719753629564, "recall@100": 0.19063515313952029, "ndcg@100": 0.04560070235072866, "coverage": 0.0035438746362689874}}