{"CollaborativeFiltering": {"map@10": 0.00023686291913530995, "precision@10": 0.00022373999057936886, "recall@10": 0.001108185855595182, "ndcg@10": 0.0005164340878798091, "map@20": 0.00031808492859354684, "precision@20": 0.00021785209609043806, "recall@20": 0.0022844247380653165, "ndcg@20": 0.0008503914015865912, "map@100": 0.000609837384462176, "precision@100": 0.0003450306170513424, "recall@100": 0.01763868864947219, "ndcg@100": 0.003910838603868442, "coverage": 0.03633305747617395}}