{"CollaborativeFiltering": {"map@5": 0.0002444056498968418, "precision@5": 0.00022218695445167436, "recall@5": 0.0003914722530815215, "ndcg@5": 0.0003467839552081087, "map@10": 0.0003442260361796943, "precision@10": 0.000285668941437867, "recall@10": 0.0011655998166075932, "ndcg@10": 0.0006398413395751286, "map@20": 0.0004528089847180041, "precision@20": 0.0003967624186637042, "recall@20": 0.0028921739038947326, "ndcg@20": 0.0011908782320771744, "coverage": 0.0315478256226808}}