{"baseline": {"map@10": 0.00018343525435099534, "precision@10": 0.00023841777296125714, "recall@10": 0.000658284845680259, "ndcg@10": 0.00041921107350868434, "map@20": 0.00023718213777128633, "precision@20": 0.00023299918721213768, "recall@20": 0.0015355767320710866, "ndcg@20": 0.0006724061379706376, "map@100": 0.00041922514787545126, "precision@100": 0.0002931454890273639, "recall@100": 0.011108579453094866, "ndcg@100": 0.0026595842267085786, "coverage": 54.44}, "CollaborativeFiltering": {"map@10": 0.0002639864258215202, "precision@10": 0.0003467894879436467, "recall@10": 0.0007939961772418981, "ndcg@10": 0.0005791919760189455, "map@20": 0.0003196649418766604, "precision@20": 0.0003305337306962883, "recall@20": 0.0018358083827216473, "ndcg@20": 0.0008763360802181329, "map@100": 0.0007148239684782496, "precision@100": 0.000583581685180168, "recall@100": 0.023265802086920556, "ndcg@100": 0.005199715702074735, "coverage": 54.44}, "MatrixFactorization": {"map@10": 0.0007635970119004784, "precision@10": 0.0007640205906258468, "recall@10": 0.0024353271149539944, "ndcg@10": 0.0015230671053696055, "map@20": 0.0009971281985098597, "precision@20": 0.0007125440260092116, "recall@20": 0.005413703619059301, "ndcg@20": 0.0024036635369111075, "map@100": 0.001406797484604998, "precision@100": 0.0006003793010024384, "recall@100": 0.02396137070929246, "ndcg@100": 0.006334859294434887, "coverage": 1.1344030006251302}}