{"ContentBasedFiltering": {"map@5": 0.00026495525200188414, "precision@5": 0.0002119642016015073, "recall@5": 0.0006241168158266604, "ndcg@5": 0.00039798613397621735, "map@10": 0.0003457346721595426, "precision@10": 0.00024729156853509185, "recall@10": 0.0012908975020373985, "ndcg@10": 0.0006426526675408072, "map@20": 0.00043177146288794364, "precision@20": 0.0002531794630240226, "recall@20": 0.0025784772222596057, "ndcg@20": 0.0010110694108837217, "coverage": 0.03633305747617395}}