{"map@10": 0.018047032939973888, "precision@10": 0.008818928431755964, "recall@10": 0.05954061392705469, "ndcg@10": 0.02970667673310806, "map@20": 0.023840798527955724, "precision@20": 0.009405553382870552, "recall@20": 0.13038504051488647, "ndcg@20": 0.049603631077469235, "map@100": 0.036822536809731764, "precision@100": 0.009898318341806807, "recall@100": 0.7212674771209533, "ndcg@100": 0.15934963826451323, "coverage": 1.0072463768115942}