{"baseline": {"map@10": 0.0, "precision@10": 0.0, "recall@10": 0.0, "ndcg@10": 0.0, "map@20": 0.0, "precision@20": 0.0, "recall@20": 0.0, "ndcg@20": 0.0, "map@100": 7.26943194612537e-05, "precision@100": 8.017207665232695e-05, "recall@100": 0.004288964848213969, "ndcg@100": 0.0008503180865152189, "coverage": 1.39}, "CollaborativeFiltering": {"map@10": 0.027815981469066144, "precision@10": 0.014196323816973017, "recall@10": 0.10199848632030373, "ndcg@10": 0.04788442606933981, "map@20": 0.0364971069239583, "precision@20": 0.014939382088384827, "recall@20": 0.22191511588202517, "ndcg@20": 0.0800978910337385, "map@100": 0.048259106497416215, "precision@100": 0.01269007798661115, "recall@100": 0.6432805815972833, "ndcg@100": 0.16308273933843806, "coverage": 2.0441176470588234}, "MatrixFactorization": {"map@10": 0.01958966247929668, "precision@10": 0.009718420023465, "recall@10": 0.06716860059297644, "ndcg@10": 0.03257776085080505, "map@20": 0.02390221711165877, "precision@20": 0.00935666797027767, "recall@20": 0.13076588115775292, "ndcg@20": 0.04957316073988098, "map@100": 0.03957804905299275, "precision@100": 0.00996284708642941, "recall@100": 0.7281327455378447, "ndcg@100": 0.16320887557989375, "coverage": 1.0145985401459854}}