{"baseline": {"map@10": 0.0002734155956306216, "precision@10": 0.00016486104569006122, "recall@10": 0.0009196330439853756, "ndcg@10": 0.0004678934667896746, "map@20": 0.0003345300932471848, "precision@20": 0.00016486104569006122, "recall@20": 0.0018066885618699088, "ndcg@20": 0.0007151696675447921, "map@100": 0.0005323067645819832, "precision@100": 0.00021078662270372116, "recall@100": 0.011636249526252355, "ndcg@100": 0.002641426209714265, "coverage": 0.03633305747617395}}