{"CollaborativeFiltering": {"map@5": 0.00016417412466635263, "precision@5": 0.00021196420160150733, "recall@5": 0.0004474799811587376, "ndcg@5": 0.0002942479084872418, "map@10": 0.00023686291913530995, "precision@10": 0.00022373999057936886, "recall@10": 0.001108185855595182, "ndcg@10": 0.0005164340878798091, "map@20": 0.00031808492859354684, "precision@20": 0.00021785209609043806, "recall@20": 0.0022844247380653165, "ndcg@20": 0.0008503914015865912, "coverage": 0.03633305747617395}}