{"map@5": 0.00016057075769890724, "map@10": 0.00018343525435099534, "map@15": 0.0002205792890320365}