{"map@5": 0.0007468015292453113, "map@10": 0.0009173966876454265, "map@15": 0.0010555649300343602}