{"map@5": 0.6498084584900033, "map@10": 0.6618916481835792, "map@15": 0.6625713653207146}