{"CollaborativeFiltering": {"map@10": 0.00031426927004898653, "precision@10": 0.00025954198473282443, "recall@10": 0.0012064703744093057, "ndcg@10": 0.0006182669803532713, "map@20": 0.00040268141440552146, "precision@20": 0.00027480916030534353, "recall@20": 0.002563058654661708, "ndcg@20": 0.0010200023791562052, "map@100": 0.0008317124740635678, "precision@100": 0.0004152671755725191, "recall@100": 0.022734611307142102, "ndcg@100": 0.005060886063613307, "coverage": 0.0315478256226808}}
