{"map@10": 0.00018343525435099534, "precision@10": 0.00023841777296125714, "recall@10": 0.000658284845680259, "ndcg@10": 0.00041921107350868434, "map@20": 0.00023718213777128633, "precision@20": 0.00023299918721213768, "recall@20": 0.0015355767320710866, "ndcg@20": 0.0006724061379706376, "map@100": 0.00041922514787545126, "precision@100": 0.0002931454890273639, "recall@100": 0.011108579453094866, "ndcg@100": 0.0026595842267085786, "coverage": 54.44}