{"map@5": 0.4334177507444896, "map@10": 0.5686102705182446, "map@15": 0.5555754731068806}