{"STransformContentBase": {"map@10": 0.0006006072942601439, "precision@10": 0.0003297220913801225, "recall@10": 0.002500392526299262, "ndcg@10": 0.0011025053978838675, "map@20": 0.000692606888155409, "precision@20": 0.00030028261893546866, "recall@20": 0.0037709780168080024, "ndcg@20": 0.0014869821108635332, "map@100": 0.0009941312573293235, "precision@100": 0.0003002826189354687, "recall@100": 0.018256131319349205, "ndcg@100": 0.004295889610597615, "coverage": 0.03633305747617395}}