{"MatrixFactorization": {"map@10": 0.0014222986549935104, "precision@10": 0.0007286376683594613, "recall@10": 0.004328805195442422, "ndcg@10": 0.002323814079312995, "map@20": 0.0016412547577060483, "precision@20": 0.000662397880326783, "recall@20": 0.007675746310247943, "ndcg@20": 0.0032569353169923346, "map@100": 0.002104252516332569, "precision@100": 0.0005299183042614265, "recall@100": 0.029066492208456196, "ndcg@100": 0.0075702702853069105, "coverage": 0.04314042534078915}}