{"STransformContentBase": {"map@5": 0.00035065682734076515, "precision@5": 0.0002826189354686764, "recall@5": 0.0010048673261108495, "ndcg@5": 0.0005559059831819954, "map@10": 0.00043665279740409273, "precision@10": 0.0002590673575129534, "recall@10": 0.00159267545925577, "ndcg@10": 0.0007847617856512342, "map@20": 0.0005794478798452186, "precision@20": 0.00030617051342439944, "recall@20": 0.003568951917397513, "ndcg@20": 0.0013450854332615917, "coverage": 0.03633305747617395}}