{"STransformContentBase": {"map@5": 0.0009323916838597048, "precision@5": 0.00047611490239644503, "recall@5": 0.0018700735333015922, "ndcg@5": 0.0012122219638001036, "map@10": 0.0010903041761238872, "precision@10": 0.0004919853991429933, "recall@10": 0.0031264878590699886, "ndcg@10": 0.0016832408795113415, "map@20": 0.001335191005093052, "precision@20": 0.0005475321377559117, "recall@20": 0.006514781661583756, "ndcg@20": 0.002645935814859651, "coverage": 0.0315478256226808}}