{"map@5": 0.5861047247069155, "map@10": 0.6000517569564673, "map@15": 0.6149500809654884}