{"HybridNNmodel": {"map@10": 0.0005220054604769631, "precision@10": 0.0002119642016015073, "recall@10": 0.0014065525723556812, "ndcg@10": 0.0007848203665144027, "map@20": 0.0006543280353892138, "precision@20": 0.00028261893546867637, "recall@20": 0.003259035869139496, "ndcg@20": 0.0013234504314581668, "map@100": 0.0008969695004508635, "precision@100": 0.0002826189354686764, "recall@100": 0.0161385009636305, "ndcg@100": 0.0038199904953317354, "coverage": 0.03633305747617395}}