{"map@5": 0.0002466359613474217, "map@10": 0.0002639864258215202, "map@15": 0.00029222777237575135}