{"ContentBasedFiltering": {"map@5": 0.000242201414237599, "precision@5": 0.00015870496746548166, "recall@5": 0.0004814050679786278, "ndcg@5": 0.0003270257294349634, "map@10": 0.00035716489949944957, "precision@10": 0.0002539279479447707, "recall@10": 0.0013146061471724065, "ndcg@10": 0.000652244414579592, "map@20": 0.0004239534888622544, "precision@20": 0.00023805745119822252, "recall@20": 0.0024453290282943838, "ndcg@20": 0.0009628453392661085, "coverage": 0.0315478256226808}}