{"baseline": {"map@5": 0.00014080657391243016, "precision@5": 0.00015870496746548166, "recall@5": 0.0003756017563349732, "ndcg@5": 0.00023734037131870284, "map@10": 0.0002261797699029884, "precision@10": 0.00023805745119822252, "recall@10": 0.0009751538556490152, "ndcg@10": 0.0004913121007216622, "map@20": 0.0003057965383027551, "precision@20": 0.00023805745119822254, "recall@20": 0.0023487686880285627, "ndcg@20": 0.0008575155094359194, "coverage": 0.0315478256226808}}