{"baseline": {"map@5": 0.00020607630711257655, "precision@5": 0.0001413094677343382, "recall@5": 0.0004239284032030146, "ndcg@5": 0.00028456047155541494, "map@10": 0.0002734155956306216, "precision@10": 0.00016486104569006122, "recall@10": 0.0009196330439853756, "ndcg@10": 0.0004678934667896746, "map@20": 0.0003345300932471848, "precision@20": 0.00016486104569006122, "recall@20": 0.0018066885618699088, "ndcg@20": 0.0007151696675447921, "coverage": 0.03633305747617395}}