{"Hybrid_MF_STransformer": {"map@5": 0.0005290165582182722, "precision@5": 0.00028566894143786705, "recall@5": 0.0008834576522245146, "ndcg@5": 0.000703899541688987, "map@10": 0.0006048317685359425, "precision@10": 0.0002697984446913189, "recall@10": 0.001518655391056597, "ndcg@10": 0.0009387197444278734, "map@20": 0.0007498153771240307, "precision@20": 0.00030153943818441516, "recall@20": 0.00375904051511098, "ndcg@20": 0.0015407775631669344, "coverage": 0.0315478256226808}}