{"ContentBasedFiltering": {"map@10": 0.0002731796125578509, "precision@10": 0.00017663683466792276, "recall@10": 0.0009912690936006998, "ndcg@10": 0.00048455332075178015, "map@20": 0.00037888437583802846, "precision@20": 0.00022373999057936884, "recall@20": 0.0025404862840096, "ndcg@20": 0.0009219038026413306, "map@100": 0.0006373185390871113, "precision@100": 0.0002837965143664625, "recall@100": 0.015576788808809037, "ndcg@100": 0.0034881763698274035, "coverage": 0.03633305747617395}}