{"map@5": 0.6513555354406864, "map@10": 0.6625713653207146, "map@15": 0.6625713653207146}