{"map@5": 0.004379185608838051, "map@10": 0.005472192300768705, "map@15": 0.006672456345134314}