{"MatrixFactorization": {"map@5": 0.0015736038371334357, "precision@5": 0.0009839707982859864, "recall@5": 0.0030815214516214354, "ndcg@5": 0.0021716636764674254, "map@10": 0.0019510655485103989, "precision@10": 0.0009839707982859866, "recall@10": 0.005800162735569814, "ndcg@10": 0.0031862099386680666, "map@20": 0.0022424276211732794, "precision@20": 0.0008966830661799714, "recall@20": 0.010332439430995216, "ndcg@20": 0.004453186995358214, "coverage": 0.0315478256226808}}