{"MatrixFactorization": {"map@10": 0.0026975251423724707, "precision@10": 0.001236641221374046, "recall@10": 0.0070648854961832055, "ndcg@10": 0.004212708631139848, "map@20": 0.0030333434962052353, "precision@20": 0.001053435114503817, "recall@20": 0.011872183073126047, "ndcg@20": 0.005590111546820854, "map@100": 0.0036042107701665695, "precision@100": 0.0007114503816793893, "recall@100": 0.03884361628004193, "ndcg@100": 0.01102661834424725, "coverage": 0.0315478256226808}}