{"Hybrid_MF_STransformer": {"map@5": 0.00019037525514209452, "precision@5": 0.00021196420160150733, "recall@5": 0.0005416862929816297, "ndcg@5": 0.00032755634678656675, "map@10": 0.00029740097745279087, "precision@10": 0.00023551577955723034, "recall@10": 0.001335897838488512, "ndcg@10": 0.0006152078177099209, "map@20": 0.00045620528726926393, "precision@20": 0.00029439472444653793, "recall@20": 0.003566568722009136, "ndcg@20": 0.0012459596308356555, "coverage": 0.03633305747617395}}