{"STransformContentBase": {"map@10": 0.0005599806683793215, "precision@10": 0.00032015897549127843, "recall@10": 0.0015628559512419085, "ndcg@10": 0.0009045956615198557, "map@20": 0.0006822582517800511, "precision@20": 0.0003146389931552219, "recall@20": 0.003444270859960393, "ndcg@20": 0.001416015945801259, "map@100": 0.0009776759166368223, "precision@100": 0.0003157429896224332, "recall@100": 0.01789165596259363, "ndcg@100": 0.0042422142934372, "coverage": 0.04314042534078915}}