{"MatrixFactorization": {"map@5": 0.00114568613597111, "precision@5": 0.0006123410268487989, "recall@5": 0.0019351546553619092, "ndcg@5": 0.0014813801819271563, "map@10": 0.0014305761164569455, "precision@10": 0.000682995760715968, "recall@10": 0.004148161855415741, "ndcg@10": 0.0022700463017609777, "map@20": 0.0016787196068018921, "precision@20": 0.0006417804992934527, "recall@20": 0.0078002465425922795, "ndcg@20": 0.003281834225118209, "coverage": 0.03633305747617395}}