{"HybridNNmodel": {"map@5": 0.00026715336190022746, "precision@5": 0.000190445960958578, "recall@5": 0.0005131460614717241, "ndcg@5": 0.0003960961108933788, "map@10": 0.00036140018087328033, "precision@10": 0.0002697984446913189, "recall@10": 0.001225051201245456, "ndcg@10": 0.0006778035012845634, "map@20": 0.0005101310685962834, "precision@20": 0.0003174099349309633, "recall@20": 0.0036136387581536342, "ndcg@20": 0.0013134827627324088, "coverage": 0.0315478256226808}}